date,target_drawdown,future_drawdown_pct,qqq_close,raw_prob_10d,model_prob_10d,fold_train_end,risk_score_0_100,risk_bucket,suggested_exposure
2024-07-23 00:00:00+00:00,1.0,-11.895048789265772,480.6199951171875,0.04101935230884328,0.047243700915448515,2024-07-08 00:00:00+00:00,4.7,low,1.0
2024-07-24 00:00:00+00:00,1.0,-8.61711602896621,463.3800048828125,0.11755928042384,0.07526957523979748,2024-07-08 00:00:00+00:00,7.5,low,1.0
2024-07-25 00:00:00+00:00,1.0,-7.5981359550912675,458.2699890136719,0.09727290906388399,0.06907556989113126,2024-07-08 00:00:00+00:00,6.9,low,1.0
2024-07-26 00:00:00+00:00,1.0,-8.53618785439021,462.9700012207031,0.11001907694541772,0.07302961514093968,2024-07-08 00:00:00+00:00,7.3,low,1.0
2024-07-29 00:00:00+00:00,1.0,-8.719547795139492,463.8999938964844,0.1193313823048273,0.07578654383290832,2024-07-08 00:00:00+00:00,7.6,low,1.0
2024-07-30 00:00:00+00:00,1.0,-7.448688974098316,457.5299987792969,0.132625617434428,0.07956241539128983,2024-07-08 00:00:00+00:00,8.0,low,1.0
2024-07-31 00:00:00+00:00,1.0,-10.108899818878204,471.07000732421875,0.7800295248059761,0.254105397830365,2024-07-08 00:00:00+00:00,25.4,low,1.0
2024-08-01 00:00:00+00:00,1.0,-7.877559754295193,459.6600036621094,0.3616229043532624,0.13273508824878816,2024-07-08 00:00:00+00:00,13.3,low,1.0
2024-08-02 00:00:00+00:00,1.0,-5.637880288126739,448.75,0.3142405779103381,0.12244347573176002,2024-07-08 00:00:00+00:00,12.2,low,1.0
2024-08-05 00:00:00+00:00,0.0,-0.22968969180588994,435.3699951171875,0.4654598541421558,0.15585143341684946,2024-07-08 00:00:00+00:00,15.6,low,1.0
2024-08-06 00:00:00+00:00,0.0,-1.1739821346529733,439.5299987792969,0.5695040383314436,0.1813865152008533,2024-07-08 00:00:00+00:00,18.1,low,1.0
2024-08-07 00:00:00+00:00,0.0,0.5474170119726507,434.7699890136719,0.32570630063815115,0.12493525218616675,2024-07-08 00:00:00+00:00,12.5,low,1.0
2024-08-08 00:00:00+00:00,0.0,-0.5490262531399948,448.07000732421875,0.38838040978340227,0.13857592086453518,2024-07-08 00:00:00+00:00,13.9,low,1.0
2024-08-09 00:00:00+00:00,0.0,-0.41296060345408225,450.4100036621094,0.5807216872399386,0.1843793310129581,2024-07-08 00:00:00+00:00,18.4,low,1.0
2024-08-12 00:00:00+00:00,0.0,0.9526314294947769,451.3800048828125,0.5769018436561882,0.1833536029745174,2024-07-08 00:00:00+00:00,18.3,low,1.0
2024-08-13 00:00:00+00:00,0.0,-0.9036259235413846,462.5799865722656,0.6673529362825041,0.20993395449538726,2024-07-08 00:00:00+00:00,21.0,low,1.0
2024-08-14 00:00:00+00:00,0.0,1.1151218938902696,462.7300109863281,0.5871960988335156,0.18613408335436796,2024-07-08 00:00:00+00:00,18.6,low,1.0
2024-08-15 00:00:00+00:00,0.0,-1.3764172240789185,474.4200134277344,0.6504821648845247,0.20455315156403037,2024-07-08 00:00:00+00:00,20.5,low,1.0
2024-08-16 00:00:00+00:00,0.0,-1.5030596276460972,475.0299987792969,0.3560530076870963,0.1315240029135578,2024-07-08 00:00:00+00:00,13.2,low,1.0
2024-08-19 00:00:00+00:00,0.0,-4.542145957690602,481.2699890136719,0.0352693283673087,0.044254498500162005,2024-07-08 00:00:00+00:00,4.4,low,1.0
2024-08-20 00:00:00+00:00,0.0,-4.691208578930384,480.260009765625,0.052629582585680346,0.05265023923988872,2024-07-08 00:00:00+00:00,5.3,low,1.0
2024-08-21 00:00:00+00:00,1.0,-5.13367647951749,482.5,0.06359245274430671,0.22335603338429816,2024-08-06 00:00:00+00:00,22.3,low,1.0
2024-08-22 00:00:00+00:00,1.0,-5.614405247853693,474.8500061035156,0.09805072936514148,0.29118102510587535,2024-08-06 00:00:00+00:00,29.1,low,1.0
2024-08-23 00:00:00+00:00,1.0,-6.627082824707031,480.0,0.08421812560770754,0.26572123158616096,2024-08-06 00:00:00+00:00,26.6,low,1.0
2024-08-26 00:00:00+00:00,1.0,-5.711699858133768,475.3399963378906,0.16943647881606083,0.39828347776931766,2024-08-06 00:00:00+00:00,39.8,elevated,0.75
2024-08-27 00:00:00+00:00,1.0,-5.992534344116606,476.760009765625,0.17606143373229946,0.40673349986091506,2024-08-06 00:00:00+00:00,40.7,elevated,0.75
2024-08-28 00:00:00+00:00,0.0,-4.913546910408462,471.3500061035156,0.24353644040737193,0.4832918300025504,2024-08-06 00:00:00+00:00,48.3,elevated,0.75
2024-08-29 00:00:00+00:00,0.0,-4.774147164804454,470.6600036621094,0.10999880880218996,0.31165219692886453,2024-08-06 00:00:00+00:00,31.2,low,1.0
2024-08-30 00:00:00+00:00,1.0,-5.895812715476301,476.2699890136719,0.14351083617078,0.363137345495078,2024-08-06 00:00:00+00:00,36.3,elevated,0.75
2024-09-03 00:00:00+00:00,0.0,-2.94926380745133,461.80999755859375,0.15875743990936583,0.38422774990417996,2024-08-06 00:00:00+00:00,38.4,elevated,0.75
2024-09-04 00:00:00+00:00,0.0,-2.696420682386347,460.6099853515625,0.08781853953023494,0.2725487090030109,2024-08-06 00:00:00+00:00,27.3,low,1.0
2024-09-05 00:00:00+00:00,0.0,-2.7871780898302556,461.0400085449219,0.08912788639106586,0.27499511945316596,2024-08-06 00:00:00+00:00,27.5,low,1.0
2024-09-06 00:00:00+00:00,0.0,0.2518453445951474,448.69000244140625,0.07527193340909766,0.2480725992068481,2024-08-06 00:00:00+00:00,24.8,low,1.0
2024-09-09 00:00:00+00:00,0.0,-0.6997299510567823,454.4599914550781,0.20155232494102004,0.4375296818977168,2024-08-06 00:00:00+00:00,43.8,elevated,0.75
2024-09-10 00:00:00+00:00,0.0,-1.6090360667788461,458.6600036621094,0.4040897938109773,0.6219183576093728,2024-08-06 00:00:00+00:00,62.2,high,0.5
2024-09-11 00:00:00+00:00,0.0,-0.3777024096526804,468.6199951171875,0.3346031530820011,0.5673652753524019,2024-08-06 00:00:00+00:00,56.7,high,0.5
2024-09-12 00:00:00+00:00,0.0,-0.703686776483603,473.2200012207031,0.5201284775413814,0.701225992052642,2024-08-06 00:00:00+00:00,70.1,severe,0.25
2024-09-13 00:00:00+00:00,0.0,-1.1465438909918801,475.3399963378906,0.6363594653925353,0.7713920436094732,2024-08-06 00:00:00+00:00,77.1,severe,0.25
2024-09-16 00:00:00+00:00,0.0,-0.5092561304710919,473.239990234375,0.6387579400925294,0.7727762647534274,2024-08-06 00:00:00+00:00,77.3,severe,0.25
2024-09-17 00:00:00+00:00,0.0,-0.5617866727853471,473.489990234375,0.4272316871537891,0.6387449990193593,2024-08-06 00:00:00+00:00,63.9,high,0.5
2024-09-18 00:00:00+00:00,0.0,1.2642099576221089,471.44000244140625,0.36709802143324854,0.5937031419494686,2024-08-06 00:00:00+00:00,59.4,high,0.5
2024-09-19 00:00:00+00:00,0.0,-1.2330336882858117,483.3599853515625,0.3018639533663377,0.5390884130501912,2024-08-06 00:00:00+00:00,53.9,high,0.5
2024-09-20 00:00:00+00:00,0.0,-1.0446912609685555,482.44000244140625,0.23416746950223852,0.38832781130346933,2024-09-05 00:00:00+00:00,38.8,elevated,0.75
2024-09-23 00:00:00+00:00,0.0,-1.1676081791707316,483.0400085449219,0.24085306189158995,0.3930376363721614,2024-09-05 00:00:00+00:00,39.3,elevated,0.75
2024-09-24 00:00:00+00:00,0.0,-1.6420465419950125,485.3699951171875,0.24818951710797496,0.398126692526244,2024-09-05 00:00:00+00:00,39.8,elevated,0.75
2024-09-25 00:00:00+00:00,0.0,-1.7331549340896424,485.82000732421875,0.17446021184228974,0.3424667738568349,2024-09-05 00:00:00+00:00,34.2,low,1.0
2024-09-26 00:00:00+00:00,0.0,-2.46593402948434,489.4700012207031,0.04152362049317252,0.18218613004139972,2024-09-05 00:00:00+00:00,18.2,low,1.0
2024-09-27 00:00:00+00:00,0.0,-1.9209052087345913,486.75,0.0551868256979958,0.20726935119508547,2024-09-05 00:00:00+00:00,20.7,low,1.0
2024-09-30 00:00:00+00:00,0.0,-2.186164539433877,488.07000732421875,0.073645303472673,0.23572528522779904,2024-09-05 00:00:00+00:00,23.6,low,1.0
2024-10-01 00:00:00+00:00,0.0,-0.7376291632570253,481.2699890136719,0.16207317682318195,0.3318628711840187,2024-09-05 00:00:00+00:00,33.2,low,1.0
2024-10-02 00:00:00+00:00,0.0,-0.6141761381229571,481.95001220703125,0.3960168320678816,0.4886191084154604,2024-09-05 00:00:00+00:00,48.9,elevated,0.75
2024-10-03 00:00:00+00:00,0.0,-0.1495050200747916,481.5899963378906,0.2542903078469777,0.4022987623245099,2024-09-05 00:00:00+00:00,40.2,elevated,0.75
2024-10-04 00:00:00+00:00,0.0,-1.3235681092691132,487.32000732421875,0.048744043852863496,0.19597623526414854,2024-09-05 00:00:00+00:00,19.6,low,1.0
2024-10-07 00:00:00+00:00,0.0,0.36299522460994105,482.1000061035156,0.04047674376857865,0.18006968834333348,2024-09-05 00:00:00+00:00,18.0,low,1.0
2024-10-08 00:00:00+00:00,0.0,-0.3535623363804308,489.29998779296875,0.02048083301778088,0.1310150267737434,2024-09-05 00:00:00+00:00,13.1,low,1.0
2024-10-09 00:00:00+00:00,0.0,-1.6425035392408138,493.1499938964844,0.05080305731232758,0.19967904803464523,2024-09-05 00:00:00+00:00,20.0,low,1.0
2024-10-10 00:00:00+00:00,0.0,-1.5306864940370923,492.5899963378906,0.04728513878056012,0.19329484880934047,2024-09-05 00:00:00+00:00,19.3,low,1.0
2024-10-11 00:00:00+00:00,0.0,-1.6843679676762036,493.3599853515625,0.042455031636680164,0.1840423296840767,2024-09-05 00:00:00+00:00,18.4,low,1.0
2024-10-14 00:00:00+00:00,0.0,-2.5025150164886933,497.5,0.006513435023942172,0.07491324619941803,2024-09-05 00:00:00+00:00,7.5,low,1.0
2024-10-15 00:00:00+00:00,0.0,-1.1816274296477691,490.8500061035156,0.010957823695040544,0.09688032249954609,2024-09-05 00:00:00+00:00,9.7,low,1.0
2024-10-16 00:00:00+00:00,0.0,-1.1937047168372739,490.9100036621094,0.0156211847062454,0.11508460359513693,2024-09-05 00:00:00+00:00,11.5,low,1.0
2024-10-17 00:00:00+00:00,0.0,-1.526717557251911,491.25,0.012604960557926427,0.10373116971712791,2024-09-05 00:00:00+00:00,10.4,low,1.0
2024-10-18 00:00:00+00:00,0.0,-2.16797807637239,494.4700012207031,0.01462964721299559,0.11150018910342738,2024-09-05 00:00:00+00:00,11.2,low,1.0
2024-10-21 00:00:00+00:00,0.0,-2.355579732637636,495.4200134277344,0.015957830416217168,0.18241877742254706,2024-10-04 00:00:00+00:00,18.2,low,1.0
2024-10-22 00:00:00+00:00,0.0,-2.4618904075822123,495.9599914550781,0.02778030935688192,0.19600294436472676,2024-10-04 00:00:00+00:00,19.6,low,1.0
2024-10-23 00:00:00+00:00,0.0,-0.9439727843885137,488.3599853515625,0.033632905828560794,0.20090833247557602,2024-10-04 00:00:00+00:00,20.1,low,1.0
2024-10-24 00:00:00+00:00,0.0,-1.740739193354568,492.32000732421875,0.03593509691882484,0.20263590259136893,2024-10-04 00:00:00+00:00,20.3,low,1.0
2024-10-25 00:00:00+00:00,0.0,-2.335865128227177,495.32000732421875,0.03098010061722385,0.1987853793845904,2024-10-04 00:00:00+00:00,19.9,low,1.0
2024-10-28 00:00:00+00:00,0.0,-2.351633839325129,495.3999938964844,0.009717758771739155,0.17099477741196517,2024-10-04 00:00:00+00:00,17.1,low,1.0
2024-10-29 00:00:00+00:00,0.0,-3.280950804134153,500.1600036621094,0.01567116922229625,0.18198962590504658,2024-10-04 00:00:00+00:00,18.2,low,1.0
2024-10-30 00:00:00+00:00,0.0,-2.544422571129601,496.3800048828125,0.012242449332208518,0.1762331886498191,2024-10-04 00:00:00+00:00,17.6,low,1.0
2024-10-31 00:00:00+00:00,0.0,0.08266898655340249,483.8500061035156,0.038277395763344296,0.2042978251829034,2024-10-04 00:00:00+00:00,20.4,low,1.0
2024-11-01 00:00:00+00:00,0.0,-0.652399877636678,487.42999267578125,0.02654478017449927,0.19485313656151512,2024-10-04 00:00:00+00:00,19.5,low,1.0
2024-11-04 00:00:00+00:00,0.0,0.3106889195090945,486.010009765625,0.033012044480846985,0.200424884038785,2024-10-04 00:00:00+00:00,20.0,low,1.0
2024-11-05 00:00:00+00:00,0.0,0.4632166796445292,492.2099914550781,0.04128647147411647,0.20630844501216403,2024-10-04 00:00:00+00:00,20.6,low,1.0
2024-11-06 00:00:00+00:00,0.0,-2.193519647223119,505.5799865722656,0.028422994307393413,0.19658347596267026,2024-10-04 00:00:00+00:00,19.7,low,1.0
2024-11-07 00:00:00+00:00,0.0,-3.7095432893355818,513.5399780273438,0.0237415281287767,0.19205991698862807,2024-10-04 00:00:00+00:00,19.2,low,1.0
2024-11-08 00:00:00+00:00,0.0,-3.821920849226046,514.1400146484375,0.02378866548345266,0.19210922178575007,2024-10-04 00:00:00+00:00,19.2,low,1.0
2024-11-11 00:00:00+00:00,0.0,-3.7657705919699525,513.8400268554688,0.013688400001914743,0.17881552771197032,2024-10-04 00:00:00+00:00,17.9,low,1.0
2024-11-12 00:00:00+00:00,0.0,-3.5912701789024726,512.9099731445312,0.022107280502375266,0.19029502454941716,2024-10-04 00:00:00+00:00,19.0,low,1.0
2024-11-13 00:00:00+00:00,0.0,-3.467059007442652,512.25,0.03474413175031337,0.20175459229778056,2024-10-04 00:00:00+00:00,20.2,low,1.0
2024-11-14 00:00:00+00:00,0.0,-2.7914863942439805,508.69000244140625,0.02084543776118278,0.18885209684405127,2024-10-04 00:00:00+00:00,18.9,low,1.0
2024-11-15 00:00:00+00:00,0.0,-0.002015781355568791,496.57000732421875,0.01990054326134478,0.18772041620524388,2024-10-04 00:00:00+00:00,18.8,low,1.0
2024-11-18 00:00:00+00:00,0.0,-0.6919706273949666,500.0199890136719,0.037275197856821686,0.20359781847295885,2024-10-04 00:00:00+00:00,20.4,low,1.0
2024-11-19 00:00:00+00:00,0.0,-1.3705148400257827,503.4599914550781,0.03757368313493007,0.12260464955001664,2024-11-04 00:00:00+00:00,12.3,low,1.0
2024-11-20 00:00:00+00:00,0.0,-1.1149344594133526,503.1700134277344,0.023654322786026853,0.10487099025235384,2024-11-04 00:00:00+00:00,10.5,low,1.0
2024-11-21 00:00:00+00:00,0.0,-0.6039879290646755,504.9800109863281,0.032800835892715936,0.11711876073117318,2024-11-04 00:00:00+00:00,11.7,low,1.0
2024-11-22 00:00:00+00:00,0.0,-0.7631657019570803,505.7900085449219,0.029673552004522534,0.11322571746504626,2024-11-04 00:00:00+00:00,11.3,low,1.0
2024-11-25 00:00:00+00:00,0.0,-0.9198767634174154,506.5899963378906,0.044334218193816874,0.1296257888499623,2024-11-04 00:00:00+00:00,13.0,low,1.0
2024-11-26 00:00:00+00:00,0.0,-1.4490202270108554,509.30999755859375,0.044166913864593635,0.12946101174483102,2024-11-04 00:00:00+00:00,12.9,low,1.0
2024-11-27 00:00:00+00:00,0.0,0.001980955049840638,505.29998779296875,0.04201625596251516,0.12730471567615764,2024-11-04 00:00:00+00:00,12.7,low,1.0
2024-11-29 00:00:00+00:00,0.0,0.17263799185303075,509.739990234375,0.060606131769859316,0.14400201799108986,2024-11-04 00:00:00+00:00,14.4,low,1.0
2024-12-02 00:00:00+00:00,0.0,-0.3726024165085495,515.2899780273438,0.025709438596193995,0.10787014980859502,2024-11-04 00:00:00+00:00,10.8,low,1.0
2024-12-03 00:00:00+00:00,0.0,0.44304719735657194,516.8699951171875,0.033574973597882314,0.11804349187960249,2024-11-04 00:00:00+00:00,11.8,low,1.0
2024-12-04 00:00:00+00:00,0.0,-1.576654024009072,523.260009765625,0.02912611929501243,0.11251611524087934,2024-11-04 00:00:00+00:00,11.3,low,1.0
2024-12-05 00:00:00+00:00,0.0,-1.5292885353071273,521.8099975585938,0.02145429243888478,0.10145795659252387,2024-11-04 00:00:00+00:00,10.1,low,1.0
2024-12-06 00:00:00+00:00,0.0,-3.265076082954399,526.47998046875,0.02414486375080118,0.10560241339075763,2024-11-04 00:00:00+00:00,10.6,low,1.0
2024-12-09 00:00:00+00:00,0.0,-2.505837937044919,522.3800048828125,0.026041211650807868,0.10833895626425102,2024-11-04 00:00:00+00:00,10.8,low,1.0
2024-12-10 00:00:00+00:00,0.0,-2.1724870479077896,520.5999755859375,0.08978382352842344,0.16443259488666723,2024-11-04 00:00:00+00:00,16.4,low,1.0
2024-12-11 00:00:00+00:00,0.0,-3.893035747008622,529.9199829101562,0.028442185289142947,0.11161680695296272,2024-11-04 00:00:00+00:00,11.2,low,1.0
2024-12-12 00:00:00+00:00,0.0,-3.2687543124554796,526.5,0.040575624287548503,0.1258187007698767,2024-11-04 00:00:00+00:00,12.6,low,1.0
2024-12-13 00:00:00+00:00,0.0,-4.003547316652945,530.530029296875,0.030921181308973547,0.1148105519084069,2024-11-04 00:00:00+00:00,11.5,low,1.0
2024-12-16 00:00:00+00:00,1.0,-5.366329465100561,538.1699829101562,0.025941852474963258,0.10819898418113193,2024-11-04 00:00:00+00:00,10.8,low,1.0
2024-12-17 00:00:00+00:00,1.0,-5.615900900228709,535.7999877929688,0.017676166689172605,0.09499580464614532,2024-11-04 00:00:00+00:00,9.5,low,1.0
2024-12-18 00:00:00+00:00,0.0,-2.083369771411525,516.469970703125,0.18811301411510326,0.21245956559356974,2024-11-04 00:00:00+00:00,21.2,low,1.0
2024-12-19 00:00:00+00:00,0.0,-1.6453686010986734,514.1699829101562,0.11896840725260135,0.21101576621069398,2024-12-04 00:00:00+00:00,21.1,low,1.0
2024-12-20 00:00:00+00:00,0.0,-2.4968153241014535,518.6599731445312,0.2930752349524205,0.27958351982253643,2024-12-04 00:00:00+00:00,28.0,low,1.0
2024-12-23 00:00:00+00:00,0.0,-3.2818872420214973,522.8699951171875,0.38039221985101956,0.306564932056317,2024-12-04 00:00:00+00:00,30.7,low,1.0
2024-12-24 00:00:00+00:00,0.0,-4.913579791923517,529.9600219726562,0.5842842658599032,0.3678757910897362,2024-12-04 00:00:00+00:00,36.8,elevated,0.75
2024-12-26 00:00:00+00:00,1.0,-5.645763738154552,529.5999755859375,0.09835557175539707,0.19946594804551843,2024-12-04 00:00:00+00:00,19.9,low,1.0
2024-12-27 00:00:00+00:00,0.0,-4.374614486061812,522.5599975585938,0.2867365877491585,0.27752983312212137,2024-12-04 00:00:00+00:00,27.8,low,1.0
2024-12-30 00:00:00+00:00,0.0,-3.0856604015694566,515.6099853515625,0.3497610511099148,0.2973174647350997,2024-12-04 00:00:00+00:00,29.7,low,1.0
2024-12-31 00:00:00+00:00,0.0,-2.255344665124759,511.2300109863281,0.06421111941854163,0.17602850130153275,2024-12-04 00:00:00+00:00,17.6,low,1.0
2025-01-02 00:00:00+00:00,0.0,-2.063774876538771,510.2300109863281,0.10149086924939697,0.20131992604024987,2024-12-04 00:00:00+00:00,20.1,low,1.0
2025-01-03 00:00:00+00:00,0.0,-3.6407119944117605,518.5800170898438,0.2802865154927825,0.27542173602164854,2024-12-04 00:00:00+00:00,27.5,low,1.0
2025-01-06 00:00:00+00:00,0.0,-4.735571521875048,524.5399780273438,0.3036557211596915,0.28297475123301746,2024-12-04 00:00:00+00:00,28.3,low,1.0
2025-01-07 00:00:00+00:00,0.0,-3.004771281654184,515.1799926757812,0.12843499999955246,0.21588367655590593,2024-12-04 00:00:00+00:00,21.6,low,1.0
2025-01-08 00:00:00+00:00,0.0,-3.0217180767441176,515.27001953125,0.15732891190978257,0.22947381439021158,2024-12-04 00:00:00+00:00,22.9,low,1.0
2025-01-10 00:00:00+00:00,0.0,-1.47676219923919,507.19000244140625,0.12306083697783639,0.2131496182524452,2024-12-04 00:00:00+00:00,21.3,low,1.0
2025-01-13 00:00:00+00:00,0.0,-0.7852680670691337,505.55999755859375,0.20991432338416463,0.25082856349293436,2024-12-04 00:00:00+00:00,25.1,low,1.0
2025-01-14 00:00:00+00:00,0.0,1.0038028547966205,505.0799865722656,0.16531167228421603,0.23295510045906254,2024-12-04 00:00:00+00:00,23.3,low,1.0
2025-01-15 00:00:00+00:00,0.0,-1.2676636647576456,516.7000122070312,0.10186762659690296,0.20154012676159272,2024-12-04 00:00:00+00:00,20.2,low,1.0
2025-01-16 00:00:00+00:00,0.0,-0.5710655445086865,513.0800170898438,0.20495436124603172,0.24895169127773245,2024-12-04 00:00:00+00:00,24.9,low,1.0
2025-01-17 00:00:00+00:00,0.0,-2.221412303987702,521.739990234375,0.2379100766377626,0.26101966498936974,2024-12-04 00:00:00+00:00,26.1,low,1.0
2025-01-21 00:00:00+00:00,0.0,-2.7915385360610445,524.7999877929688,0.04359126756100387,0.15719245335662174,2024-12-04 00:00:00+00:00,15.7,low,1.0
2025-01-22 00:00:00+00:00,0.0,-4.018741976008988,531.510009765625,0.020990888569652318,0.12680065953697514,2024-12-04 00:00:00+00:00,12.7,low,1.0
2025-01-23 00:00:00+00:00,0.0,-4.222367853229613,532.6400146484375,0.012633273812118356,0.16286478882456207,2025-01-06 00:00:00+00:00,16.3,low,1.0
2025-01-24 00:00:00+00:00,0.0,-3.678041426417733,529.6300048828125,0.00679013464076061,0.14850539288040443,2025-01-06 00:00:00+00:00,14.9,low,1.0
2025-01-27 00:00:00+00:00,0.0,-0.6145415384096742,514.2100219726562,0.03890012884533477,0.192130864178312,2025-01-06 00:00:00+00:00,19.2,low,1.0
2025-01-28 00:00:00+00:00,0.0,-2.0620551189069136,521.8099975585938,0.18947449437730662,0.2440892992373329,2025-01-06 00:00:00+00:00,24.4,low,1.0
2025-01-29 00:00:00+00:00,0.0,-1.8777775811619435,520.8300170898438,0.06617494492274652,0.2077496136177379,2025-01-06 00:00:00+00:00,20.8,low,1.0
2025-01-30 00:00:00+00:00,0.0,-2.294235786264809,523.0499877929688,0.02167726785409006,0.17634673563635306,2025-01-06 00:00:00+00:00,17.6,low,1.0
2025-01-31 00:00:00+00:00,0.0,-2.15205933623841,522.2899780273438,0.02732081602920634,0.18243515727115428,2025-01-06 00:00:00+00:00,18.2,low,1.0
2025-02-03 00:00:00+00:00,0.0,0.02316016301173729,518.1099853515625,0.08648149086698215,0.21618547703958702,2025-01-06 00:00:00+00:00,21.6,low,1.0
2025-02-04 00:00:00+00:00,0.0,-0.7340697849251621,524.469970703125,0.1464725366470971,0.23428034652392848,2025-01-06 00:00:00+00:00,23.4,low,1.0
2025-02-05 00:00:00+00:00,0.0,-0.9300490853125232,526.8499755859375,0.061823958932969145,0.20567170627509188,2025-01-06 00:00:00+00:00,20.6,low,1.0
2025-02-06 00:00:00+00:00,0.0,-1.4444795565638935,529.5999755859375,0.0736414740468889,0.2110680358315232,2025-01-06 00:00:00+00:00,21.1,low,1.0
2025-02-07 00:00:00+00:00,0.0,-0.6482738705863689,522.9199829101562,0.07710666416225752,0.2125158117465125,2025-01-06 00:00:00+00:00,21.3,low,1.0
2025-02-10 00:00:00+00:00,0.0,-3.743032131996926,529.25,0.14280812272984558,0.23335492860838444,2025-01-06 00:00:00+00:00,23.3,low,1.0
2025-02-11 00:00:00+00:00,0.0,-3.513321868987407,527.989990234375,0.19068696399533308,0.2443428160175925,2025-01-06 00:00:00+00:00,24.4,low,1.0
2025-02-12 00:00:00+00:00,1.0,-5.347340649773146,528.2999877929688,0.18629918597677603,0.2434202783226716,2025-01-06 00:00:00+00:00,24.3,low,1.0
2025-02-13 00:00:00+00:00,1.0,-7.271884673058182,535.9000244140625,0.1238321003851554,0.22826272887458754,2025-01-06 00:00:00+00:00,22.8,low,1.0
2025-02-14 00:00:00+00:00,1.0,-8.282084143789593,538.1500244140625,0.08165000371518749,0.21433647198976183,2025-01-06 00:00:00+00:00,21.4,low,1.0
2025-02-18 00:00:00+00:00,1.0,-9.572279761612435,539.3699951171875,0.06755865064859334,0.20838690781313218,2025-01-06 00:00:00+00:00,20.8,low,1.0
2025-02-19 00:00:00+00:00,1.0,-9.597425011561745,539.52001953125,0.05817318268340588,0.20383299566752802,2025-01-06 00:00:00+00:00,20.4,low,1.0
2025-02-20 00:00:00+00:00,1.0,-9.498719378466836,537.22998046875,0.18511809390105144,0.24316950850330404,2025-01-06 00:00:00+00:00,24.3,low,1.0
2025-02-21 00:00:00+00:00,1.0,-8.658382153064725,526.0800170898438,0.13136754605207346,0.23034958000998915,2025-01-06 00:00:00+00:00,23.0,low,1.0
2025-02-24 00:00:00+00:00,1.0,-9.850538006821207,519.8699951171875,0.9156014881887453,0.03397585578736708,2025-02-06 00:00:00+00:00,3.4,low,1.0
2025-02-25 00:00:00+00:00,1.0,-9.021662296000056,513.3200073242188,0.3178050386598399,0.06825578831026961,2025-02-06 00:00:00+00:00,6.8,low,1.0
2025-02-26 00:00:00+00:00,1.0,-9.240902522266936,514.5599975585938,0.2437033750216499,0.07392675838554179,2025-02-06 00:00:00+00:00,7.4,low,1.0
2025-02-27 00:00:00+00:00,1.0,-6.7643466690075265,500.2699890136719,0.33375006004601293,0.06718734464889482,2025-02-06 00:00:00+00:00,6.7,low,1.0
2025-02-28 00:00:00+00:00,1.0,-8.213790591539672,508.1700134277344,0.5146782939948543,0.05702571304731214,2025-02-06 00:00:00+00:00,5.7,low,1.0
2025-03-03 00:00:00+00:00,1.0,-6.160345210578965,497.04998779296875,0.4555877233718384,0.06006801759222139,2025-02-06 00:00:00+00:00,6.0,low,1.0
2025-03-04 00:00:00+00:00,1.0,-5.876298221069332,495.54998779296875,0.32856005216914524,0.0675304663018772,2025-02-06 00:00:00+00:00,6.8,low,1.0
2025-03-05 00:00:00+00:00,1.0,-7.087511483377618,502.010009765625,0.6692975254598846,0.049445364545626334,2025-02-06 00:00:00+00:00,4.9,low,1.0
2025-03-06 00:00:00+00:00,0.0,-4.459241906372169,488.20001220703125,0.49741639849267694,0.0578975714963826,2025-02-06 00:00:00+00:00,5.8,low,1.0
2025-03-07 00:00:00+00:00,1.0,-5.1566757007069475,491.7900085449219,0.7117440134714973,0.047311736831239376,2025-02-06 00:00:00+00:00,4.7,low,1.0
2025-03-10 00:00:00+00:00,0.0,-1.3326884615178503,472.7300109863281,0.4338696221075666,0.061236104246644635,2025-02-06 00:00:00+00:00,6.1,low,1.0
2025-03-11 00:00:00+00:00,0.0,-1.0962708568327595,471.6000061035156,0.47984760370705926,0.05879810540096363,2025-02-06 00:00:00+00:00,5.9,low,1.0
2025-03-12 00:00:00+00:00,0.0,-2.1995346088663603,476.9200134277344,0.41625786627029215,0.06220900237573635,2025-02-06 00:00:00+00:00,6.2,low,1.0
2025-03-13 00:00:00+00:00,0.0,0.8690283460826675,468.3399963378906,0.3459674804805376,0.06639612435854071,2025-02-06 00:00:00+00:00,6.6,low,1.0
2025-03-14 00:00:00+00:00,0.0,-2.4204677856190737,479.6600036621094,0.6268922725493316,0.05152447726015516,2025-02-06 00:00:00+00:00,5.2,low,1.0
2025-03-17 00:00:00+00:00,1.0,-5.269590699575533,482.7699890136719,0.7466132809145464,0.045488923497197235,2025-02-06 00:00:00+00:00,4.5,low,1.0
2025-03-18 00:00:00+00:00,0.0,-3.6266746033547737,474.5400085449219,0.6074257620391597,0.05247125756564465,2025-02-06 00:00:00+00:00,5.2,low,1.0
2025-03-19 00:00:00+00:00,0.0,-4.899254997714153,480.8900146484375,0.7139020796783347,0.04720110165311527,2025-02-06 00:00:00+00:00,4.7,low,1.0
2025-03-20 00:00:00+00:00,1.0,-6.076032742942228,479.260009765625,0.7083514909095718,0.04748516075314557,2025-02-06 00:00:00+00:00,4.7,low,1.0
2025-03-21 00:00:00+00:00,1.0,-12.097575774308023,480.8399963378906,0.7414885725934026,0.045762054422643604,2025-02-06 00:00:00+00:00,4.6,low,1.0
2025-03-24 00:00:00+00:00,1.0,-17.99005183932998,490.6600036621094,0.45945339243101824,0.05986337276033669,2025-02-06 00:00:00+00:00,6.0,low,1.0
2025-03-25 00:00:00+00:00,1.0,-18.45539220679274,493.4599914550781,0.5871077390694545,0.16786468918945344,2025-03-10 00:00:00+00:00,16.8,low,1.0
2025-03-26 00:00:00+00:00,1.0,-16.92679082701011,484.3800048828125,0.6300338641281594,0.1743926721793688,2025-03-10 00:00:00+00:00,17.4,low,1.0
2025-03-27 00:00:00+00:00,1.0,-16.450724901791467,481.6199951171875,0.6416853153559108,0.1762496801456656,2025-03-10 00:00:00+00:00,17.6,low,1.0
2025-03-28 00:00:00+00:00,1.0,-14.19157833550021,468.94000244140625,0.47664082597219104,0.1525750761632522,2025-03-10 00:00:00+00:00,15.3,low,1.0
2025-03-31 00:00:00+00:00,1.0,-14.187920513985453,468.9200134277344,0.48614717999262946,0.1538359140624633,2025-03-10 00:00:00+00:00,15.4,low,1.0
2025-04-01 00:00:00+00:00,1.0,-14.874126452909774,472.70001220703125,0.5368557276920138,0.16070568481369638,2025-03-10 00:00:00+00:00,16.1,low,1.0
2025-04-02 00:00:00+00:00,1.0,-15.490912568211101,476.1499938964844,0.5616213078038113,0.16417988535966166,2025-03-10 00:00:00+00:00,16.4,low,1.0
2025-04-03 00:00:00+00:00,1.0,-10.710954737812317,450.6600036621094,0.7079753151587946,0.18775520943353707,2025-03-10 00:00:00+00:00,18.8,low,1.0
2025-04-04 00:00:00+00:00,0.0,-4.798068974619662,422.6700134277344,0.36415429720577674,0.13788879841556734,2025-03-10 00:00:00+00:00,13.8,low,1.0
2025-04-07 00:00:00+00:00,0.0,-3.280699052701075,423.69000244140625,0.14359298364380277,0.1046635269381389,2025-03-10 00:00:00+00:00,10.5,low,1.0
2025-04-08 00:00:00+00:00,0.0,-0.15142164267396563,416.05999755859375,0.12891721299388692,0.10171599935379073,2025-03-10 00:00:00+00:00,10.2,low,1.0
2025-04-09 00:00:00+00:00,1.0,-8.169529468716474,466.0,0.4069047392898181,0.1434602389035239,2025-03-10 00:00:00+00:00,14.3,low,1.0
2025-04-10 00:00:00+00:00,0.0,-4.0902775336368435,446.17999267578125,0.23655097065317596,0.12028633973950109,2025-03-10 00:00:00+00:00,12.0,low,1.0
2025-04-11 00:00:00+00:00,1.0,-5.82526443139284,454.3999938964844,0.2777576825368629,0.1262450524998079,2025-03-10 00:00:00+00:00,12.6,low,1.0
2025-04-14 00:00:00+00:00,1.0,-6.459302614520135,457.4800109863281,0.3843357712834277,0.14052476888586443,2025-03-10 00:00:00+00:00,14.1,low,1.0
2025-04-15 00:00:00+00:00,1.0,-6.563461691206529,457.989990234375,0.3790138949099492,0.13983107610339193,2025-03-10 00:00:00+00:00,14.0,low,1.0
2025-04-16 00:00:00+00:00,0.0,-3.65842682424945,444.17999267578125,0.21768102875811143,0.11741189329310814,2025-03-10 00:00:00+00:00,11.7,low,1.0
2025-04-17 00:00:00+00:00,0.0,-3.641074804210942,444.1000061035156,0.2789832610833799,0.12641691495010207,2025-03-10 00:00:00+00:00,12.6,low,1.0
2025-04-21 00:00:00+00:00,0.0,1.0413081937984403,433.1099853515625,0.17875991368583272,0.11107196745112262,2025-03-10 00:00:00+00:00,11.1,low,1.0
2025-04-22 00:00:00+00:00,0.0,1.8898473922020154,444.4800109863281,0.44037817140247765,0.14781535226912648,2025-03-10 00:00:00+00:00,14.8,low,1.0
2025-04-23 00:00:00+00:00,0.0,0.27938864407182074,454.55999755859375,0.489323536943825,0.15425875028144836,2025-03-10 00:00:00+00:00,15.4,low,1.0
2025-04-24 00:00:00+00:00,0.0,-1.0527470554145268,467.3500061035156,0.3888052316624843,0.2846419884608309,2025-04-08 00:00:00+00:00,28.5,low,1.0
2025-04-25 00:00:00+00:00,0.0,-2.1436441796063077,472.55999755859375,0.48321156340142263,0.31337195744830787,2025-04-08 00:00:00+00:00,31.3,low,1.0
2025-04-28 00:00:00+00:00,0.0,-2.1125740159952944,472.4100036621094,0.3257677618388774,0.2651261542686529,2025-04-08 00:00:00+00:00,26.5,low,1.0
2025-04-29 00:00:00+00:00,0.0,-2.75482222722937,475.5299987792969,0.2502418474381169,0.24026619335248975,2025-04-08 00:00:00+00:00,24.0,low,1.0
2025-04-30 00:00:00+00:00,0.0,0.2755163428250995,475.4700012207031,0.3361691370830334,0.2683980763373121,2025-04-08 00:00:00+00:00,26.8,low,1.0
2025-05-01 00:00:00+00:00,0.0,-1.0172716265968273,481.67999267578125,0.2182548317199872,0.22885337314683052,2025-04-08 00:00:00+00:00,22.9,low,1.0
2025-05-02 00:00:00+00:00,0.0,-2.465067226637363,488.8299865722656,0.32766351502334107,0.2657244916395893,2025-04-08 00:00:00+00:00,26.6,low,1.0
2025-05-05 00:00:00+00:00,0.0,-1.8829860338728577,485.92999267578125,0.08495921611151792,0.16703025499346613,2025-04-08 00:00:00+00:00,16.7,low,1.0
2025-05-06 00:00:00+00:00,0.0,-0.961759175669763,481.4100036621094,0.07933691711223206,0.16336732662373254,2025-04-08 00:00:00+00:00,16.3,low,1.0
2025-05-07 00:00:00+00:00,0.0,0.18001772330653587,483.29998779296875,0.10832731418194476,0.18077776522091418,2025-04-08 00:00:00+00:00,18.1,low,1.0
2025-05-08 00:00:00+00:00,0.0,-0.42802357232717414,488.2900085449219,0.2552770797702106,0.24200335223950428,2025-04-08 00:00:00+00:00,24.2,low,1.0
2025-05-09 00:00:00+00:00,0.0,2.7686148189086213,487.9700012207031,0.04677023816127622,0.13776987111682362,2025-04-08 00:00:00+00:00,13.8,low,1.0
2025-05-12 00:00:00+00:00,0.0,-0.44698621718384235,507.8500061035156,0.14238780197564715,0.19783739574041026,2025-04-08 00:00:00+00:00,19.8,low,1.0
2025-05-13 00:00:00+00:00,0.0,-1.9414728295373274,515.5900268554688,0.10675348379201854,0.17991459771433738,2025-04-08 00:00:00+00:00,18.0,low,1.0
2025-05-14 00:00:00+00:00,0.0,-2.5256432267485307,518.6799926757812,0.20890404653740627,0.22537324829513822,2025-04-08 00:00:00+00:00,22.5,low,1.0
2025-05-15 00:00:00+00:00,0.0,-2.6326458214221193,519.25,0.08343204366720094,0.16605129639511337,2025-04-08 00:00:00+00:00,16.6,low,1.0
2025-05-16 00:00:00+00:00,0.0,-3.054595864903642,521.510009765625,0.12173447003343392,0.1878345639691565,2025-04-08 00:00:00+00:00,18.8,low,1.0
2025-05-19 00:00:00+00:00,0.0,-3.1474536667862374,522.010009765625,0.04826138675040325,0.13916957063322496,2025-04-08 00:00:00+00:00,13.9,low,1.0
2025-05-20 00:00:00+00:00,0.0,-2.823540163282856,520.27001953125,0.02738399259779622,0.1159130676705452,2025-04-08 00:00:00+00:00,11.6,low,1.0
2025-05-21 00:00:00+00:00,0.0,-1.4540760514925255,513.0399780273438,0.015904952960265596,0.09714441911122591,2025-04-08 00:00:00+00:00,9.7,low,1.0
2025-05-22 00:00:00+00:00,0.0,-1.6381349081195262,514.0,0.017878559747404894,0.10092423860907523,2025-04-08 00:00:00+00:00,10.1,low,1.0
2025-05-23 00:00:00+00:00,0.0,0.5282386483764112,509.239990234375,0.009931443953871305,0.07083325967905016,2025-05-08 00:00:00+00:00,7.1,low,1.0
2025-05-27 00:00:00+00:00,0.0,-1.7823526628904074,521.219970703125,0.013055108454020348,0.0804469377441623,2025-05-08 00:00:00+00:00,8.0,low,1.0
2025-05-28 00:00:00+00:00,0.0,-1.34512359175758,518.9099731445312,0.007646121415534436,0.06266434500490731,2025-05-08 00:00:00+00:00,6.3,low,1.0
2025-05-29 00:00:00+00:00,0.0,-1.5386686886110557,519.9299926757812,0.007311004955234145,0.061357292114545214,2025-05-08 00:00:00+00:00,6.1,low,1.0
2025-05-30 00:00:00+00:00,0.0,-0.6048842705868918,519.1099853515625,0.018798827388714617,0.09518304844164399,2025-05-08 00:00:00+00:00,9.5,low,1.0
2025-06-02 00:00:00+00:00,0.0,-0.10512964297800798,523.2100219726562,0.014218174622578128,0.08369024691914452,2025-05-08 00:00:00+00:00,8.4,low,1.0
2025-06-03 00:00:00+00:00,0.0,-0.879957283492161,527.2999877929688,0.005886958355382827,0.055396540454759995,2025-05-08 00:00:00+00:00,5.5,low,1.0
2025-06-04 00:00:00+00:00,0.0,-1.1555205781400457,528.77001953125,0.008361055774432295,0.06535051973253975,2025-05-08 00:00:00+00:00,6.5,low,1.0
2025-06-05 00:00:00+00:00,0.0,0.01715483512225724,524.7899780273438,0.022822456288077823,0.10401725512089231,2025-05-08 00:00:00+00:00,10.4,low,1.0
2025-06-06 00:00:00+00:00,0.0,-1.1831896698178967,529.9199829101562,0.012237230961181025,0.0780674360602721,2025-05-08 00:00:00+00:00,7.8,low,1.0
2025-06-09 00:00:00+00:00,0.0,-1.3284318128522044,530.7000122070312,0.011486199158185896,0.07580228999499339,2025-05-08 00:00:00+00:00,7.6,low,1.0
2025-06-10 00:00:00+00:00,0.0,-1.9767501776921437,534.2100219726562,0.006717376294122888,0.05895803487397939,2025-05-08 00:00:00+00:00,5.9,low,1.0
2025-06-11 00:00:00+00:00,0.0,-1.645338962891807,532.4099731445312,0.009153153073796664,0.06818158755703511,2025-05-08 00:00:00+00:00,6.8,low,1.0
2025-06-12 00:00:00+00:00,0.0,-1.8757166049921725,533.6599731445312,0.006649170221391639,0.058674989726106505,2025-05-08 00:00:00+00:00,5.9,low,1.0
2025-06-13 00:00:00+00:00,0.0,-0.6281306779597595,526.9600219726562,0.03306778736522991,0.12308021185380964,2025-05-08 00:00:00+00:00,12.3,low,1.0
2025-06-16 00:00:00+00:00,0.0,-1.9914192762074845,534.2899780273438,0.013038440947121688,0.08039929760498671,2025-05-08 00:00:00+00:00,8.0,low,1.0
2025-06-17 00:00:00+00:00,0.0,-1.026308403339149,529.0800170898438,0.023332551935948125,0.10507138542713398,2025-05-08 00:00:00+00:00,10.5,low,1.0
2025-06-18 00:00:00+00:00,0.0,-1.0094644357914184,528.989990234375,0.011533953842248559,0.0759487541302735,2025-05-08 00:00:00+00:00,7.6,low,1.0
2025-06-20 00:00:00+00:00,0.0,-0.6036088629397418,526.8300170898438,0.021727039722006902,0.10170696452325402,2025-05-08 00:00:00+00:00,10.2,low,1.0
2025-06-23 00:00:00+00:00,0.0,0.8689918000623242,531.6500244140625,0.012216040992159068,0.0780046145573672,2025-05-08 00:00:00+00:00,7.8,low,1.0
2025-06-24 00:00:00+00:00,0.0,-0.0741087836435117,539.780029296875,0.0043216523177211676,0.04784055828776402,2025-05-08 00:00:00+00:00,4.8,low,1.0
2025-06-25 00:00:00+00:00,0.0,0.06653233878821663,541.1599731445312,0.009265485160589908,0.12628427246935103,2025-06-09 00:00:00+00:00,12.6,low,1.0
2025-06-26 00:00:00+00:00,0.0,-0.30756705464625167,546.219970703125,0.0046014635668722385,0.10258218722078435,2025-06-09 00:00:00+00:00,10.3,low,1.0
2025-06-27 00:00:00+00:00,0.0,-0.6258193987977778,548.0900268554688,0.004152743631413136,0.09946575227664733,2025-06-09 00:00:00+00:00,9.9,low,1.0
2025-06-30 00:00:00+00:00,0.0,-1.2653254511195366,551.6400146484375,0.0045651591127871555,0.10233850102983326,2025-06-09 00:00:00+00:00,10.2,low,1.0
2025-07-01 00:00:00+00:00,0.0,-0.15905137803613467,546.989990234375,0.004884408587843886,0.10443488001372854,2025-06-09 00:00:00+00:00,10.4,low,1.0
2025-07-02 00:00:00+00:00,0.0,-0.2214906917506254,550.7999877929688,0.005398573879499235,0.10760993895656162,2025-06-09 00:00:00+00:00,10.8,low,1.0
2025-07-03 00:00:00+00:00,0.0,-1.193763971632944,556.219970703125,0.005514205919214091,0.10829326045299247,2025-06-09 00:00:00+00:00,10.8,low,1.0
2025-07-07 00:00:00+00:00,0.0,-0.16847882571209283,552.030029296875,0.009143983624522897,0.12579557978052208,2025-06-09 00:00:00+00:00,12.6,low,1.0
2025-07-08 00:00:00+00:00,0.0,-0.1412226633864977,552.3400268554688,0.007935949923555539,0.12065463554542111,2025-06-09 00:00:00+00:00,12.1,low,1.0
2025-07-09 00:00:00+00:00,0.0,-0.8431465063202248,556.25,0.006675572655414826,0.11463366745480813,2025-06-09 00:00:00+00:00,11.5,low,1.0
2025-07-10 00:00:00+00:00,0.0,-0.7003356851106868,555.4500122070312,0.005347770993631096,0.10730633177149372,2025-06-09 00:00:00+00:00,10.7,low,1.0
2025-07-11 00:00:00+00:00,0.0,-0.4763649567462114,554.2000122070312,0.006542996416216451,0.11395296239041033,2025-06-09 00:00:00+00:00,11.4,low,1.0
2025-07-14 00:00:00+00:00,0.0,-0.8360195304591422,556.2100219726562,0.0015065827095673088,0.07298639306988827,2025-06-09 00:00:00+00:00,7.3,low,1.0
2025-07-15 00:00:00+00:00,0.0,-0.9268525319855669,556.719970703125,0.0014382013030977896,0.0719451975705125,2025-06-09 00:00:00+00:00,7.2,low,1.0
2025-07-16 00:00:00+00:00,0.0,-0.014347298146388798,557.2899780273438,0.001775100570673859,0.07677532306782661,2025-06-09 00:00:00+00:00,7.7,low,1.0
2025-07-17 00:00:00+00:00,0.0,-0.5678181756354594,561.7999877929688,0.0035598763945377584,0.09494745270437205,2025-06-09 00:00:00+00:00,9.5,low,1.0
2025-07-18 00:00:00+00:00,0.0,-1.7068768348281638,561.260009765625,0.0031615925991797496,0.09159506428444854,2025-06-09 00:00:00+00:00,9.2,low,1.0
2025-07-21 00:00:00+00:00,0.0,-2.213870041427568,564.1699829101562,0.0030561938581160223,0.09065704911343134,2025-06-09 00:00:00+00:00,9.1,low,1.0
2025-07-22 00:00:00+00:00,0.0,-1.7051237994153645,561.25,0.0035164083949303336,0.0945952296871752,2025-06-09 00:00:00+00:00,9.5,low,1.0
2025-07-23 00:00:00+00:00,0.0,-2.151434869076063,563.8099975585938,0.005362839281746806,0.10739660193268837,2025-06-09 00:00:00+00:00,10.7,low,1.0
2025-07-24 00:00:00+00:00,0.0,-2.3592532626763973,565.010009765625,0.005657966431195435,0.10912832834947891,2025-06-09 00:00:00+00:00,10.9,low,1.0
2025-07-25 00:00:00+00:00,0.0,-2.5937112785020977,566.3699951171875,0.0036052334765656565,0.004345130517238746,2025-07-10 00:00:00+00:00,0.4,low,1.0
2025-07-28 00:00:00+00:00,0.0,-2.897177024723674,568.1400146484375,0.0034121505007097533,0.004074878060308334,2025-07-10 00:00:00+00:00,0.4,low,1.0
2025-07-29 00:00:00+00:00,0.0,-2.7465389453913636,567.260009765625,0.005972815920508007,0.00782785524931808,2025-07-10 00:00:00+00:00,0.8,low,1.0
2025-07-30 00:00:00+00:00,0.0,-2.876663901556342,568.02001953125,0.00366640184581317,0.004431252114294239,2025-07-10 00:00:00+00:00,0.4,low,1.0
2025-07-31 00:00:00+00:00,0.0,-2.3592532626763973,565.010009765625,0.022936016844461064,0.03727880630902694,2025-07-10 00:00:00+00:00,3.7,low,1.0
2025-08-01 00:00:00+00:00,0.0,0.9153620422335695,553.8800048828125,0.047700926315491825,0.08576156578543265,2025-07-10 00:00:00+00:00,8.6,low,1.0
2025-08-04 00:00:00+00:00,0.0,-0.7746845074134812,564.0999755859375,0.025371637586383528,0.04186240248512591,2025-07-10 00:00:00+00:00,4.2,low,1.0
2025-08-05 00:00:00+00:00,0.0,0.06425211755283211,560.27001953125,0.019608786898795427,0.03112027805150733,2025-07-10 00:00:00+00:00,3.1,low,1.0
2025-08-06 00:00:00+00:00,0.0,-1.4947437705830402,567.3200073242188,0.02290843043840664,0.03722723402867641,2025-07-10 00:00:00+00:00,3.7,low,1.0
2025-08-07 00:00:00+00:00,0.0,-1.8269909980541343,569.239990234375,0.01641400564502663,0.02534013052541104,2025-07-10 00:00:00+00:00,2.5,low,1.0
2025-08-08 00:00:00+00:00,0.0,-2.734307070103159,574.5499877929688,0.0184259751070377,0.028963652479573044,2025-07-10 00:00:00+00:00,2.9,low,1.0
2025-08-11 00:00:00+00:00,0.0,-2.4456575591434215,572.8499755859375,0.01967294747176026,0.031237784542779843,2025-07-10 00:00:00+00:00,3.1,low,1.0
2025-08-12 00:00:00+00:00,0.0,-3.656574671814361,580.0499877929688,0.02117160691679845,0.03399697038711205,2025-07-10 00:00:00+00:00,3.4,low,1.0
2025-08-13 00:00:00+00:00,0.0,-3.704724645049251,580.3400268554688,0.01241263011942946,0.01833128569377125,2025-07-10 00:00:00+00:00,1.8,low,1.0
2025-08-14 00:00:00+00:00,0.0,-3.629996596118401,579.8900146484375,0.017033043106384774,0.02644864864553519,2025-07-10 00:00:00+00:00,2.6,low,1.0
2025-08-15 00:00:00+00:00,0.0,-3.204350839965453,577.3400268554688,0.017233873815469793,0.026809523843370667,2025-07-10 00:00:00+00:00,2.7,low,1.0
2025-08-18 00:00:00+00:00,0.0,-3.165767177804779,577.1099853515625,0.01593698084490994,0.02448998462593644,2025-07-10 00:00:00+00:00,2.4,low,1.0
2025-08-19 00:00:00+00:00,0.0,-1.833895781361039,569.280029296875,0.012983493807587659,0.019312966908350774,2025-07-10 00:00:00+00:00,1.9,low,1.0
2025-08-20 00:00:00+00:00,0.0,-1.1238816243742011,565.9000244140625,0.010825483686503296,0.015638794686031497,2025-07-10 00:00:00+00:00,1.6,low,1.0
2025-08-21 00:00:00+00:00,0.0,-0.663977253764858,563.280029296875,0.009151190678247293,0.012864139278897464,2025-07-10 00:00:00+00:00,1.3,low,1.0
2025-08-22 00:00:00+00:00,0.0,-2.1731897324086757,571.969970703125,0.009087551233836592,0.012760148550915108,2025-07-10 00:00:00+00:00,1.3,low,1.0
2025-08-25 00:00:00+00:00,0.0,-1.8901720364768337,570.3200073242188,0.021035255406321826,0.0762690515022978,2025-08-08 00:00:00+00:00,7.6,low,1.0
2025-08-26 00:00:00+00:00,0.0,-2.2825322049167984,572.6099853515625,0.029544492991812235,0.10331996271227144,2025-08-08 00:00:00+00:00,10.3,low,1.0
2025-08-27 00:00:00+00:00,0.0,-2.432477016962431,573.489990234375,0.02444336976449541,0.08728982898930814,2025-08-08 00:00:00+00:00,8.7,low,1.0
2025-08-28 00:00:00+00:00,0.0,-3.0394466179842206,577.0800170898438,0.03425545741493162,0.11766865508511996,2025-08-08 00:00:00+00:00,11.8,low,1.0
2025-08-29 00:00:00+00:00,0.0,-1.9039351195460852,570.4000244140625,0.01913799321191087,0.07001740795190077,2025-08-08 00:00:00+00:00,7.0,low,1.0
2025-09-02 00:00:00+00:00,0.0,0.19624224057577244,565.6199951171875,0.022395085734630078,0.08069771884868221,2025-08-08 00:00:00+00:00,8.1,low,1.0
2025-09-03 00:00:00+00:00,0.0,-0.18242987948535738,570.0700073242188,0.02382312030641653,0.08530342131804407,2025-08-08 00:00:00+00:00,8.5,low,1.0
2025-09-04 00:00:00+00:00,0.0,-0.6432125058676408,575.22998046875,0.02893587460755456,0.10143518859988543,2025-08-08 00:00:00+00:00,10.1,low,1.0
2025-09-05 00:00:00+00:00,0.0,0.17011777816604567,576.0599975585938,0.01273461564656258,0.048232183066045015,2025-08-08 00:00:00+00:00,4.8,low,1.0
2025-09-08 00:00:00+00:00,0.0,-0.3161361109195626,578.8699951171875,0.04258210336451175,0.14206056411025772,2025-08-08 00:00:00+00:00,14.2,low,1.0
2025-09-09 00:00:00+00:00,0.0,-0.33763792866338127,580.510009765625,0.02441594425808905,0.087202173043021,2025-08-08 00:00:00+00:00,8.7,low,1.0
2025-09-10 00:00:00+00:00,0.0,0.15842653535682594,580.7000122070312,0.053774061324666736,0.17309963362839823,2025-08-08 00:00:00+00:00,17.3,low,1.0
2025-09-11 00:00:00+00:00,0.0,0.0034170825074841815,584.0800170898438,0.06813294684946197,0.21035181983313017,2025-08-08 00:00:00+00:00,21.0,low,1.0
2025-09-12 00:00:00+00:00,0.0,-0.39034161732038886,586.6599731445312,0.033969238970685316,0.11680869612291392,2025-08-08 00:00:00+00:00,11.7,low,1.0
2025-09-15 00:00:00+00:00,0.0,-1.2354647189497525,591.6799926757812,0.03346899151693168,0.11530208423368506,2025-08-08 00:00:00+00:00,11.5,low,1.0
2025-09-16 00:00:00+00:00,0.0,-1.1519330225927549,591.1799926757812,0.015948255838795243,0.05930474883918319,2025-08-08 00:00:00+00:00,5.9,low,1.0
2025-09-17 00:00:00+00:00,0.0,-0.25423728813559476,590.0,0.025777087000841522,0.09153310859623504,2025-08-08 00:00:00+00:00,9.2,low,1.0
2025-09-18 00:00:00+00:00,0.0,-1.1456035813196652,595.3200073242188,0.014265746364698628,0.053544702353364435,2025-08-08 00:00:00+00:00,5.4,low,1.0
2025-09-19 00:00:00+00:00,0.0,-1.8102904860103353,599.3499755859375,0.00964553298844276,0.03728961956126122,2025-08-08 00:00:00+00:00,3.7,low,1.0
2025-09-22 00:00:00+00:00,0.0,-2.2749936780674274,602.2000122070312,0.040902541885215894,0.1372347651961569,2025-08-08 00:00:00+00:00,13.7,low,1.0
2025-09-23 00:00:00+00:00,0.0,-1.6215332679856531,598.2000122070312,0.04569934779317357,0.15089725766921197,2025-08-08 00:00:00+00:00,15.1,low,1.0
2025-09-24 00:00:00+00:00,0.0,-1.2749498233860956,596.0999755859375,0.2078464302971688,0.1144906151610663,2025-09-09 00:00:00+00:00,11.4,low,1.0
2025-09-25 00:00:00+00:00,0.0,-0.4161595229153603,593.530029296875,0.1186629913806839,0.0396163027993977,2025-09-09 00:00:00+00:00,4.0,low,1.0
2025-09-26 00:00:00+00:00,0.0,-1.1611294612700163,595.969970703125,0.1897078146431715,0.09614682768404821,2025-09-09 00:00:00+00:00,9.6,low,1.0
2025-09-29 00:00:00+00:00,0.0,-1.616754295183731,598.72998046875,0.21797040202680018,0.12540520785111925,2025-09-09 00:00:00+00:00,12.5,low,1.0
2025-09-30 00:00:00+00:00,0.0,-1.8855051745231166,600.3699951171875,0.12100160572898408,0.04108633872083696,2025-09-09 00:00:00+00:00,4.1,low,1.0
2025-10-01 00:00:00+00:00,0.0,-2.3539183103242878,603.25,0.09367891704030876,0.025561809295257906,2025-09-09 00:00:00+00:00,2.6,low,1.0
2025-10-02 00:00:00+00:00,0.0,-2.7537010241548976,605.72998046875,0.09087730439054191,0.024173308380470895,2025-09-09 00:00:00+00:00,2.4,low,1.0
2025-10-03 00:00:00+00:00,0.0,-2.34258514115,603.1799926757812,0.04766783953659465,0.007521856539593266,2025-09-09 00:00:00+00:00,0.8,low,1.0
2025-10-06 00:00:00+00:00,0.0,-3.0705490291432325,607.7100219726562,0.0735306312591644,0.016413965667767587,2025-09-09 00:00:00+00:00,1.6,low,1.0
2025-10-07 00:00:00+00:00,0.0,-2.5574468119477944,604.510009765625,0.07337391981767594,0.01635043280428838,2025-09-09 00:00:00+00:00,1.6,low,1.0
2025-10-08 00:00:00+00:00,0.0,-3.6618498232102725,611.4400024414062,0.1035782490801757,0.0307703030221199,2025-09-09 00:00:00+00:00,3.1,low,1.0
2025-10-09 00:00:00+00:00,0.0,-3.545116093222378,610.7000122070312,0.16210270600530044,0.07126515745500746,2025-09-09 00:00:00+00:00,7.1,low,1.0
2025-10-10 00:00:00+00:00,0.0,0.10687105730491364,589.5,0.34060267604068833,0.2919628772254302,2025-09-09 00:00:00+00:00,29.2,low,1.0
2025-10-13 00:00:00+00:00,0.0,-1.9733899254329113,602.010009765625,0.32759001389522185,0.27169685385844633,2025-09-09 00:00:00+00:00,27.2,low,1.0
2025-10-14 00:00:00+00:00,0.0,-0.4180602006689016,598.0,0.28589429162793656,0.21045993873303828,2025-09-09 00:00:00+00:00,21.0,low,1.0
2025-10-15 00:00:00+00:00,0.0,-1.115866465749893,602.219970703125,0.3132218644460121,0.2499216308834653,2025-09-09 00:00:00+00:00,25.0,low,1.0
2025-10-16 00:00:00+00:00,0.0,-0.6033425850610286,599.989990234375,0.23336911371523514,0.14291646238777433,2025-09-09 00:00:00+00:00,14.3,low,1.0
2025-10-17 00:00:00+00:00,0.0,-0.6937894279504087,603.9299926757812,0.2582333070807307,0.1734363224844711,2025-09-09 00:00:00+00:00,17.3,low,1.0
2025-10-20 00:00:00+00:00,0.0,-1.9295529674171474,611.5399780273438,0.5409149798408254,0.6285803373889426,2025-09-09 00:00:00+00:00,62.9,high,0.5
2025-10-21 00:00:00+00:00,0.0,-1.9038919420775957,611.3800048828125,0.26818433330941127,0.18639642848968097,2025-09-09 00:00:00+00:00,18.6,low,1.0
2025-10-22 00:00:00+00:00,0.0,-0.16019599312443455,605.489990234375,0.4281382420393053,0.4377383843224201,2025-09-09 00:00:00+00:00,43.8,elevated,0.75
2025-10-23 00:00:00+00:00,0.0,-0.045862833541410186,610.5800170898438,0.596408208342917,0.4246699913742572,2025-10-08 00:00:00+00:00,42.5,elevated,0.75
2025-10-24 00:00:00+00:00,0.0,-2.9865489231760134,617.0999755859375,0.504835865122927,0.2798152581870459,2025-10-08 00:00:00+00:00,28.0,low,1.0
2025-10-27 00:00:00+00:00,0.0,-4.684048892258941,628.0900268554688,0.33027505991531836,0.0996527748417388,2025-10-08 00:00:00+00:00,10.0,low,1.0
2025-10-28 00:00:00+00:00,1.0,-5.4114265507180015,632.9199829101562,0.36371090755033514,0.12501058226221923,2025-10-08 00:00:00+00:00,12.5,low,1.0
2025-10-29 00:00:00+00:00,1.0,-5.835449216124944,635.77001953125,0.3318698638063158,0.10077544445964305,2025-10-08 00:00:00+00:00,10.1,low,1.0
2025-10-30 00:00:00+00:00,0.0,-4.373453464848065,626.0499877929688,0.3769762859636957,0.13617244280686946,2025-10-08 00:00:00+00:00,13.6,low,1.0
2025-10-31 00:00:00+00:00,1.0,-5.070981614550485,629.0700073242188,0.3968391533670172,0.1541191380670712,2025-10-08 00:00:00+00:00,15.4,low,1.0
2025-11-03 00:00:00+00:00,1.0,-5.52304031701818,632.0800170898438,0.39636436265984337,0.15367247897194808,2025-10-08 00:00:00+00:00,15.4,low,1.0
2025-11-04 00:00:00+00:00,0.0,-4.507060661208118,619.25,0.5209818481919424,0.3028777327981271,2025-10-08 00:00:00+00:00,30.3,low,1.0
2025-11-05 00:00:00+00:00,1.0,-5.124502782070184,623.280029296875,0.5232220420993446,0.3061653141445468,2025-10-08 00:00:00+00:00,30.6,low,1.0
2025-11-06 00:00:00+00:00,0.0,-4.401063263245064,611.6699829101562,0.48144329735586483,0.24839019623513947,2025-10-08 00:00:00+00:00,24.8,low,1.0
2025-11-07 00:00:00+00:00,0.0,-4.756125637889164,609.739990234375,0.05121452583464225,0.00240955307306396,2025-10-08 00:00:00+00:00,0.2,low,1.0
2025-11-10 00:00:00+00:00,1.0,-6.81770639506415,623.22998046875,0.14043396817194898,0.016124754889474503,2025-10-08 00:00:00+00:00,1.6,low,1.0
2025-11-11 00:00:00+00:00,1.0,-6.568852520026159,621.5700073242188,0.07864020921198424,0.005305398987105686,2025-10-08 00:00:00+00:00,0.5,low,1.0
2025-11-12 00:00:00+00:00,1.0,-6.495141647687763,621.0800170898438,0.06333133073018776,0.003552571168301346,2025-10-08 00:00:00+00:00,0.4,low,1.0
2025-11-13 00:00:00+00:00,0.0,-4.546356520338124,608.4000244140625,0.10559726243796667,0.009259853998467238,2025-10-08 00:00:00+00:00,0.9,low,1.0
2025-11-14 00:00:00+00:00,0.0,-4.618466608698335,608.8599853515625,0.11967701684276542,0.01178668802539076,2025-10-08 00:00:00+00:00,1.2,low,1.0
2025-11-17 00:00:00+00:00,0.0,-3.796836618264343,603.6599731445312,0.054073866548862,0.002660033103446836,2025-10-08 00:00:00+00:00,0.3,low,1.0
2025-11-18 00:00:00+00:00,0.0,-2.6110592456885406,596.3099975585938,0.1410643962390738,0.016268363626524958,2025-10-08 00:00:00+00:00,1.6,low,1.0
2025-11-19 00:00:00+00:00,0.0,-3.1890251285322857,599.8699951171875,0.07982074084564406,0.005455110816722357,2025-10-08 00:00:00+00:00,0.5,low,1.0
2025-11-20 00:00:00+00:00,0.0,-0.8417697371622901,585.6699829101562,0.1008478715535345,0.008480361618442227,2025-10-08 00:00:00+00:00,0.8,low,1.0
2025-11-21 00:00:00+00:00,0.0,0.8626037177171364,590.0700073242188,0.21856605353121356,0.07998977251648716,2025-11-06 00:00:00+00:00,8.0,low,1.0
2025-11-24 00:00:00+00:00,0.0,-1.29551955982391,605.1599731445312,0.07023558546719101,0.015172595616378815,2025-11-06 00:00:00+00:00,1.5,low,1.0
2025-11-25 00:00:00+00:00,0.0,0.24634990949328195,608.8900146484375,0.04391455427722302,0.007917868667452166,2025-11-06 00:00:00+00:00,0.8,low,1.0
2025-11-26 00:00:00+00:00,0.0,-0.2848909997814064,614.27001953125,0.13792404868380148,0.03988971257145119,2025-11-06 00:00:00+00:00,4.0,low,1.0
2025-11-28 00:00:00+00:00,0.0,-1.2741242871921687,619.25,0.33668432049291397,0.16047725342185942,2025-11-06 00:00:00+00:00,16.0,low,1.0
2025-12-01 00:00:00+00:00,0.0,-1.2719308785761663,617.1699829101562,0.11459959952765128,0.03043877909884226,2025-11-06 00:00:00+00:00,3.0,low,1.0
2025-12-02 00:00:00+00:00,0.0,-2.4260493336766498,622.0,0.10068391394625191,0.025261685698068265,2025-11-06 00:00:00+00:00,2.5,low,1.0
2025-12-03 00:00:00+00:00,0.0,-3.727224388375916,623.52001953125,0.10575172506527275,0.027106772334543512,2025-11-06 00:00:00+00:00,2.7,low,1.0
2025-12-04 00:00:00+00:00,0.0,-3.637585169634794,622.9400024414062,0.11001710674126142,0.02869555826773737,2025-11-06 00:00:00+00:00,2.9,low,1.0
2025-12-05 00:00:00+00:00,0.0,-4.028898119647173,625.47998046875,0.11896370183700998,0.03213374633013254,2025-11-06 00:00:00+00:00,3.2,low,1.0
2025-12-08 00:00:00+00:00,0.0,-3.844428601541383,624.280029296875,0.11401611264737324,0.030214731331548093,2025-11-06 00:00:00+00:00,3.0,low,1.0
2025-12-09 00:00:00+00:00,0.0,-3.9628764066623967,625.0499877929688,0.13371349815368455,0.03811245698667528,2025-11-06 00:00:00+00:00,3.8,low,1.0
2025-12-10 00:00:00+00:00,0.0,-4.354608226855783,627.6099853515625,0.09013472405921207,0.021570712045095124,2025-11-06 00:00:00+00:00,2.2,low,1.0
2025-12-11 00:00:00+00:00,0.0,-4.044244877044278,625.5800170898438,0.09859818819199362,0.02451581898189505,2025-11-06 00:00:00+00:00,2.5,low,1.0
2025-12-12 00:00:00+00:00,0.0,-2.1739783459573947,613.6199951171875,0.15405532507439484,0.04698785240083857,2025-11-06 00:00:00+00:00,4.7,low,1.0
2025-12-15 00:00:00+00:00,0.0,-1.680471238528669,610.5399780273438,0.08680489475983677,0.02044814500930316,2025-11-06 00:00:00+00:00,2.0,low,1.0
2025-12-16 00:00:00+00:00,0.0,-1.8749441280139,611.75,0.08732533852920187,0.02062224318636962,2025-11-06 00:00:00+00:00,2.1,low,1.0
2025-12-17 00:00:00+00:00,0.0,1.0842607646122326,600.4099731445312,0.1167371340605436,0.03126473608028678,2025-11-06 00:00:00+00:00,3.1,low,1.0
2025-12-18 00:00:00+00:00,0.0,0.1707473342272836,609.1099853515625,0.1389444025216321,0.04032510599125475,2025-11-06 00:00:00+00:00,4.0,low,1.0
2025-12-19 00:00:00+00:00,0.0,-1.1182178940778664,617.0499877929688,0.17669781077705513,0.05772571334812885,2025-11-06 00:00:00+00:00,5.8,low,1.0
2025-12-22 00:00:00+00:00,0.0,-1.4631542186172575,619.2100219726562,0.15235866388300873,0.04621970186648769,2025-11-06 00:00:00+00:00,4.6,low,1.0
2025-12-23 00:00:00+00:00,0.0,-1.9224833581060863,622.1099853515625,0.16562957864351438,0.13220501407854804,2025-12-08 00:00:00+00:00,13.2,low,1.0
2025-12-24 00:00:00+00:00,0.0,-2.208576029919973,623.9299926757812,0.2749510315191912,0.18178425931662662,2025-12-08 00:00:00+00:00,18.2,low,1.0
2025-12-26 00:00:00+00:00,0.0,-2.202309687889059,623.8900146484375,0.19221919589174852,0.14480514760508167,2025-12-08 00:00:00+00:00,14.5,low,1.0
2025-12-29 00:00:00+00:00,0.0,-1.7266047300452336,620.8699951171875,0.1438536884443026,0.12144865099720116,2025-12-08 00:00:00+00:00,12.1,low,1.0
2025-12-30 00:00:00+00:00,0.0,-1.4981464203293826,619.4299926757812,0.15903692596790922,0.12899601957110726,2025-12-08 00:00:00+00:00,12.9,low,1.0
2025-12-31 00:00:00+00:00,0.0,-0.6771781610365957,614.3099975585938,0.05714360615227261,0.07088562474434784,2025-12-08 00:00:00+00:00,7.1,low,1.0
2026-01-02 00:00:00+00:00,0.0,0.23486470069060683,613.1199951171875,0.06069113059074798,0.07338225661564003,2025-12-08 00:00:00+00:00,7.3,low,1.0
2026-01-05 00:00:00+00:00,0.0,-1.7702556051526375,617.989990234375,0.047322732043306955,0.06361811458582901,2025-12-08 00:00:00+00:00,6.4,low,1.0
2026-01-06 00:00:00+00:00,0.0,-2.6258374075164403,623.4199829101562,0.035804469206667314,0.054232782944195715,2025-12-08 00:00:00+00:00,5.4,low,1.0
2026-01-07 00:00:00+00:00,0.0,-2.719469120722884,624.02001953125,0.04845475840712844,0.06448572406692894,2025-12-08 00:00:00+00:00,6.4,low,1.0
2026-01-08 00:00:00+00:00,0.0,-2.1628738768692646,620.469970703125,0.04974001609044278,0.06546062812440089,2025-12-08 00:00:00+00:00,6.5,low,1.0
2026-01-09 00:00:00+00:00,0.0,-3.127748481206938,626.6500244140625,0.04217952257497851,0.0595619221405164,2025-12-08 00:00:00+00:00,6.0,low,1.0
2026-01-12 00:00:00+00:00,0.0,-3.2080609189597875,627.1699829101562,0.0318918097635694,0.0507612840548851,2025-12-08 00:00:00+00:00,5.1,low,1.0
2026-01-13 00:00:00+00:00,0.0,-3.0643208259862553,626.239990234375,0.01994796426234187,0.03882164572797467,2025-12-08 00:00:00+00:00,3.9,low,1.0
2026-01-14 00:00:00+00:00,0.0,-2.0175934543278595,619.5499877929688,0.02387190247041467,0.0430178441670142,2025-12-08 00:00:00+00:00,4.3,low,1.0
2026-01-15 00:00:00+00:00,0.0,-2.369011677741306,621.780029296875,0.013494862217244183,0.031043982382728676,2025-12-08 00:00:00+00:00,3.1,low,1.0
2026-01-16 00:00:00+00:00,0.0,-2.2872906269980398,621.260009765625,0.004197129200212033,0.01587429177977211,2025-12-08 00:00:00+00:00,1.6,low,1.0
2026-01-20 00:00:00+00:00,0.0,-0.0328934986406515,608.0599975585938,0.13622043573879603,0.11756044288883302,2025-12-08 00:00:00+00:00,11.8,low,1.0
2026-01-21 00:00:00+00:00,0.0,-2.565401739820772,616.280029296875,0.07104563942170457,0.08035178943248322,2025-12-08 00:00:00+00:00,8.0,low,1.0
2026-01-22 00:00:00+00:00,0.0,-4.18841413605503,620.760009765625,0.03445944281529734,0.05305849259887765,2025-12-08 00:00:00+00:00,5.3,low,1.0
2026-01-23 00:00:00+00:00,0.0,-4.489973383370039,622.719970703125,0.03255782930179017,0.05136449182585729,2025-12-08 00:00:00+00:00,5.1,low,1.0
2026-01-26 00:00:00+00:00,0.0,-4.908389206108743,625.4600219726562,0.05785485236836788,0.056750878972796015,2026-01-08 00:00:00+00:00,5.7,low,1.0
2026-01-27 00:00:00+00:00,1.0,-5.762678819863842,631.1300048828125,0.05363728792723999,0.05423558609367918,2026-01-08 00:00:00+00:00,5.4,low,1.0
2026-01-28 00:00:00+00:00,1.0,-6.073712567023781,633.219970703125,0.08510852363525964,0.0716268112308189,2026-01-08 00:00:00+00:00,7.2,low,1.0
2026-01-29 00:00:00+00:00,1.0,-5.508155523820857,629.4299926757812,0.08433676324992426,0.07123155204385037,2026-01-08 00:00:00+00:00,7.1,low,1.0
2026-01-30 00:00:00+00:00,0.0,-4.359429714317342,621.8699951171875,0.08252789843535249,0.07030017565276214,2026-01-08 00:00:00+00:00,7.0,low,1.0
2026-02-02 00:00:00+00:00,1.0,-5.23844300405959,626.1400146484375,0.05506576775970294,0.055095602280898104,2026-01-08 00:00:00+00:00,5.5,low,1.0
2026-02-03 00:00:00+00:00,0.0,-3.7598118376440337,616.52001953125,0.18396721663651797,0.11588946530352792,2026-01-08 00:00:00+00:00,11.6,low,1.0
2026-02-04 00:00:00+00:00,0.0,-2.048695525304378,605.75,0.19982319180231864,0.12231448560223769,2026-01-08 00:00:00+00:00,12.2,low,1.0
2026-02-05 00:00:00+00:00,0.0,-0.6180597725966908,597.030029296875,0.19737492959761568,0.12132911358847619,2026-01-08 00:00:00+00:00,12.1,low,1.0
2026-02-06 00:00:00+00:00,0.0,-2.6753049955619,609.6500244140625,0.08727473673852615,0.07272968084648658,2026-01-08 00:00:00+00:00,7.3,low,1.0
2026-02-09 00:00:00+00:00,0.0,-3.415155003681558,614.3200073242188,0.06677760291918632,0.06185684246612823,2026-01-08 00:00:00+00:00,6.2,low,1.0
2026-02-10 00:00:00+00:00,0.0,-2.9649769761888267,611.469970703125,0.06107696041395528,0.05862632771586859,2026-01-08 00:00:00+00:00,5.9,low,1.0
2026-02-11 00:00:00+00:00,0.0,-3.224537027358554,613.1099853515625,0.04328801606222184,0.047719203445830166,2026-01-08 00:00:00+00:00,4.8,low,1.0
2026-02-12 00:00:00+00:00,0.0,-1.215368209732337,600.6400146484375,0.07683084192960861,0.06731878586483497,2026-01-08 00:00:00+00:00,6.7,low,1.0
2026-02-13 00:00:00+00:00,0.0,-1.4254313361063753,601.9199829101562,0.11408923105415007,0.08570681250108311,2026-01-08 00:00:00+00:00,8.6,low,1.0
2026-02-17 00:00:00+00:00,0.0,-1.5682675648129307,601.2999877929688,0.1391060028832396,0.09696964639787989,2026-01-08 00:00:00+00:00,9.7,low,1.0
2026-02-18 00:00:00+00:00,0.0,-2.2978232415604483,605.7899780273438,0.04046132458109484,0.04583769610038392,2026-01-08 00:00:00+00:00,4.6,low,1.0
2026-02-19 00:00:00+00:00,0.0,-1.922212562196246,603.469970703125,0.06881032553315176,0.06298401034416902,2026-01-08 00:00:00+00:00,6.3,low,1.0
2026-02-20 00:00:00+00:00,0.0,-2.7824777039368365,608.8099975585938,0.0998561605573341,0.0789609946418989,2026-01-08 00:00:00+00:00,7.9,low,1.0
2026-02-23 00:00:00+00:00,0.0,-1.6760540238439092,601.4099731445312,0.0818876305033643,0.0699688028539905,2026-01-08 00:00:00+00:00,7.0,low,1.0
2026-02-24 00:00:00+00:00,0.0,-2.720972931745891,607.8699951171875,0.07630238865316279,0.06703833868203948,2026-01-08 00:00:00+00:00,6.7,low,1.0
2026-02-25 00:00:00+00:00,0.0,-4.110718020207482,616.6799926757812,0.030645277512493532,0.07803909676661631,2026-02-09 00:00:00+00:00,7.8,low,1.0
2026-02-26 00:00:00+00:00,0.0,-2.9397238250301494,609.239990234375,0.04208744645576202,0.08749923862403543,2026-02-09 00:00:00+00:00,8.7,low,1.0
2026-02-27 00:00:00+00:00,0.0,-2.6280626249329253,607.2899780273438,0.03091035343493333,0.07828173056824883,2026-02-09 00:00:00+00:00,7.8,low,1.0
2026-03-02 00:00:00+00:00,0.0,-2.756172445763283,608.0900268554688,0.06089697379577948,0.10001648726867028,2026-02-09 00:00:00+00:00,10.0,low,1.0
2026-03-03 00:00:00+00:00,0.0,-1.7038464890480554,601.5800170898438,0.10517200219158022,0.12220974557333836,2026-02-09 00:00:00+00:00,12.2,low,1.0
2026-03-04 00:00:00+00:00,0.0,-3.1796942955638507,610.75,0.06118919839805503,0.10019053760200136,2026-02-09 00:00:00+00:00,10.0,low,1.0
2026-03-05 00:00:00+00:00,0.0,-3.5850876184460034,608.9099731445312,0.13884741832822736,0.13565420003723164,2026-02-09 00:00:00+00:00,13.6,low,1.0
2026-03-06 00:00:00+00:00,0.0,-3.5364771942736573,599.75,0.08884509030602032,0.11481715343833614,2026-02-09 00:00:00+00:00,11.5,low,1.0
2026-03-09 00:00:00+00:00,0.0,-4.8078240207922835,607.760009765625,0.2766189171819394,0.17878653256776145,2026-02-09 00:00:00+00:00,17.9,low,1.0
2026-03-10 00:00:00+00:00,0.0,-4.809391803572394,607.77001953125,0.07919465042754685,0.11007048258826534,2026-02-09 00:00:00+00:00,11.0,low,1.0
2026-03-11 00:00:00+00:00,0.0,-4.796857657185694,607.6900024414062,0.09375664909730423,0.11711758211622186,2026-02-09 00:00:00+00:00,11.7,low,1.0
2026-03-12 00:00:00+00:00,0.0,-3.9898899474610783,597.260009765625,0.07870470224158307,0.1098206152661019,2026-02-09 00:00:00+00:00,11.0,low,1.0
2026-03-13 00:00:00+00:00,1.0,-5.415004541759306,593.719970703125,0.3445213779252783,0.19717461166884018,2026-02-09 00:00:00+00:00,19.7,low,1.0
2026-03-16 00:00:00+00:00,1.0,-7.458614366348781,600.3800048828125,0.21623660309542164,0.1613389830792236,2026-02-09 00:00:00+00:00,16.1,low,1.0
2026-03-17 00:00:00+00:00,1.0,-7.908044316474738,603.3099975585938,0.035807959964464266,0.0825444139272023,2026-02-09 00:00:00+00:00,8.3,low,1.0
2026-03-18 00:00:00+00:00,1.0,-6.6061602311805245,594.9000244140625,0.04083951786409714,0.0865537633064836,2026-02-09 00:00:00+00:00,8.7,low,1.0
2026-03-19 00:00:00+00:00,1.0,-6.310081061831774,593.02001953125,0.4928057240823746,0.23663802463392242,2026-02-09 00:00:00+00:00,23.7,low,1.0
2026-03-20 00:00:00+00:00,0.0,-4.545926894760122,582.0599975585938,0.49802701319252507,0.238070855491533,2026-02-09 00:00:00+00:00,23.8,low,1.0
2026-03-23 00:00:00+00:00,1.0,-5.5102082336841,588.0,0.14780874819367124,0.13893091618262668,2026-02-09 00:00:00+00:00,13.9,low,1.0
2026-03-24 00:00:00+00:00,0.0,-4.8597564697393185,583.97998046875,0.15655149974876065,0.14203222850638753,2026-02-09 00:00:00+00:00,14.2,low,1.0
2026-03-25 00:00:00+00:00,1.0,-5.481275107485395,587.8200073242188,0.2140213409473325,0.1606673641948106,2026-02-09 00:00:00+00:00,16.1,low,1.0
2026-03-26 00:00:00+00:00,0.0,-3.1701499046641435,573.7899780273438,0.2216303612979249,0.15718553081620737,2026-03-11 00:00:00+00:00,15.7,low,1.0
2026-03-27 00:00:00+00:00,0.0,-1.2407197717425378,562.5800170898438,0.20097447012493255,0.1499355590629618,2026-03-11 00:00:00+00:00,15.0,low,1.0
2026-03-30 00:00:00+00:00,0.0,1.0621896475949022,558.280029296875,0.21350359132025756,0.1543614132472323,2026-03-11 00:00:00+00:00,15.4,low,1.0
2026-03-31 00:00:00+00:00,0.0,-0.9113291923442901,577.1799926757812,0.3486777254474281,0.19855596379564844,2026-03-11 00:00:00+00:00,19.9,low,1.0
2026-04-01 00:00:00+00:00,0.0,-2.1204522770800316,584.3099975585938,0.37921777091949976,0.2081725627989656,2026-03-11 00:00:00+00:00,20.8,low,1.0
2026-04-02 00:00:00+00:00,0.0,-1.1248173056135902,584.97998046875,0.43025697285431613,0.22433368433221135,2026-03-11 00:00:00+00:00,22.4,low,1.0
2026-04-06 00:00:00+00:00,0.0,-1.716223549012319,588.5,0.3608548624463591,0.20239144173132198,2026-03-11 00:00:00+00:00,20.2,low,1.0
2026-04-07 00:00:00+00:00,0.0,2.2987083783940987,588.5900268554688,0.3226167545839308,0.1903198634956355,2026-03-11 00:00:00+00:00,19.0,low,1.0
2026-04-08 00:00:00+00:00,0.0,-0.5048750883543951,606.0900268554688,0.09676774271611742,0.10726462823363402,2026-03-11 00:00:00+00:00,10.7,low,1.0
2026-04-09 00:00:00+00:00,0.0,-0.3408802309971426,610.1900024414062,0.1751708501819563,0.1404915911726466,2026-03-11 00:00:00+00:00,14.0,low,1.0
2026-04-10 00:00:00+00:00,0.0,-0.4843998129801408,611.0700073242188,0.028829742732477254,0.06319316818333594,2026-03-11 00:00:00+00:00,6.3,low,1.0
2026-04-13 00:00:00+00:00,0.0,0.4389382518671159,617.3900146484375,0.049030833843743724,0.07958772072318854,2026-03-11 00:00:00+00:00,8.0,low,1.0
2026-04-14 00:00:00+00:00,0.0,-0.06362764785878827,628.5999755859375,0.032228205399979865,0.06632381738768915,2026-03-11 00:00:00+00:00,6.6,low,1.0
2026-04-15 00:00:00+00:00,0.0,-0.33574122473634116,637.4000244140625,0.03463398157829855,0.06842883670387577,2026-03-11 00:00:00+00:00,6.8,low,1.0
2026-04-16 00:00:00+00:00,0.0,0.27168350572641664,640.469970703125,0.0697906797070101,0.09285775712359957,2026-03-11 00:00:00+00:00,9.3,low,1.0
2026-04-17 00:00:00+00:00,0.0,-1.0233418915189252,648.8499755859375,0.024515012562716244,0.05890058468914257,2026-03-11 00:00:00+00:00,5.9,low,1.0
2026-04-20 00:00:00+00:00,0.0,-0.7081056000057373,646.7899780273438,0.03633651351910445,0.06986926912570729,2026-03-11 00:00:00+00:00,7.0,low,1.0
2026-04-21 00:00:00+00:00,0.0,0.1846883444575509,644.3300170898438,0.032340470581739965,0.06642397830238696,2026-03-11 00:00:00+00:00,6.6,low,1.0
2026-04-22 00:00:00+00:00,0.0,-1.463871110919801,655.1099853515625,0.05000805306568265,0.08027453993940578,2026-03-11 00:00:00+00:00,8.0,low,1.0
2026-04-23 00:00:00+00:00,0.0,0.3668930507412904,651.4199829101562,0.04942136438764203,0.07986309316608371,2026-03-11 00:00:00+00:00,8.0,low,1.0
2026-04-24 00:00:00+00:00,0.0,-1.5168414849301426,663.8800048828125,0.03546077357855566,0.06913319438277879,2026-03-11 00:00:00+00:00,6.9,low,1.0
2026-04-27 00:00:00+00:00,0.0,-1.5687311950000837,664.22998046875,0.06768527689672617,0.15057292400153707,2026-04-10 00:00:00+00:00,15.1,low,1.0
2026-04-28 00:00:00+00:00,0.0,-0.14599056426448653,657.5499877929688,0.045201063159025036,0.13807599754413555,2026-04-10 00:00:00+00:00,13.8,low,1.0
2026-04-29 00:00:00+00:00,0.0,-0.6061353630349542,661.5700073242188,0.05528875620100068,0.14416171832378555,2026-04-10 00:00:00+00:00,14.4,low,1.0
2026-04-30 00:00:00+00:00,0.0,0.15874405818074866,667.739990234375,0.030026228752460735,0.12653408501598012,2026-04-10 00:00:00+00:00,12.7,low,1.0
2026-05-01 00:00:00+00:00,0.0,-0.7787584083473131,674.1500244140625,0.03373752975184803,0.1297180845866227,2026-04-10 00:00:00+00:00,13.0,low,1.0
2026-05-04 00:00:00+00:00,0.0,0.6880877495563098,672.8800048828125,0.047341198203514366,0.13944859547194854,2026-04-10 00:00:00+00:00,13.9,low,1.0
2026-05-05 00:00:00+00:00,0.0,0.7144841216895736,681.6099853515625,0.02508268976379093,0.12177166352995888,2026-04-10 00:00:00+00:00,12.2,low,1.0
2026-05-06 00:00:00+00:00,0.0,-0.5749026097294108,695.77001953125,0.026790462812810972,0.12349447455927703,2026-04-10 00:00:00+00:00,12.3,low,1.0
2026-05-07 00:00:00+00:00,0.0,0.04460781614308296,694.9400024414062,0.017870959299001336,0.11326883970716059,2026-04-10 00:00:00+00:00,11.3,low,1.0
2026-05-08 00:00:00+00:00,0.0,-2.246809176719189,711.22998046875,0.03430669517791291,0.13018175735309767,2026-04-10 00:00:00+00:00,13.0,low,1.0
2026-05-11 00:00:00+00:00,0.0,-2.529122598530631,713.2899780273438,0.021384041752561395,0.11769594548115155,2026-04-10 00:00:00+00:00,11.8,low,1.0
2026-05-12 00:00:00+00:00,0.0,-1.6953213053466643,707.239990234375,0.03433029202699661,0.13020085014797472,2026-04-10 00:00:00+00:00,13.0,low,1.0
2026-05-13 00:00:00+00:00,0.0,-2.7227856577336174,714.7100219726562,0.07257337810106892,0.1528580913028652,2026-04-10 00:00:00+00:00,15.3,low,1.0
2026-05-14 00:00:00+00:00,0.0,-3.4093247720116904,719.7899780273438,0.047898721170321866,0.13979828834180397,2026-04-10 00:00:00+00:00,14.0,low,1.0
2026-05-15 00:00:00+00:00,0.0,-1.929667642378563,708.9299926757812,0.04713097594983825,0.1393159141480773,2026-04-10 00:00:00+00:00,13.9,low,1.0
2026-05-18 00:00:00+00:00,0.0,-1.505922367722723,705.8800048828125,0.04635206153186216,0.13882028865128884,2026-04-10 00:00:00+00:00,13.9,low,1.0
2026-05-19 00:00:00+00:00,0.0,0.32214568672617183,701.530029296875,0.044424663138988976,0.13756562353523263,2026-04-10 00:00:00+00:00,13.8,low,1.0
2026-05-20 00:00:00+00:00,0.0,-0.8946231037507801,713.1500244140625,0.05243283955229141,0.14253176643611362,2026-04-10 00:00:00+00:00,14.3,low,1.0
2026-05-21 00:00:00+00:00,0.0,0.20153705640577613,714.510009765625,0.03013251119615022,0.12662945733095468,2026-04-10 00:00:00+00:00,12.7,low,1.0
2026-05-22 00:00:00+00:00,0.0,0.9225959974226372,717.5399780273438,0.050038946061038966,0.14111226108163785,2026-04-10 00:00:00+00:00,14.1,low,1.0
2026-05-26 00:00:00+00:00,0.0,-0.6627631403434142,730.280029296875,0.01761144786367158,0.11291513805351883,2026-04-10 00:00:00+00:00,11.3,low,1.0
2026-05-27 00:00:00+00:00,0.0,-0.4167576957469721,729.4500122070312,0.05621901539717697,0.1094704490425028,2026-05-11 00:00:00+00:00,10.9,low,1.0
2026-05-28 00:00:00+00:00,0.0,-0.04757688928126447,735.5999755859375,0.08376031344694246,0.11313816409963133,2026-05-11 00:00:00+00:00,11.3,low,1.0
2026-05-29 00:00:00+00:00,0.0,-0.22233567473953775,737.6300048828125,0.05533187219341084,0.10932835406853739,2026-05-11 00:00:00+00:00,10.9,low,1.0
2026-06-01 00:00:00+00:00,0.0,-0.4725758423910098,742.739990234375,0.08060425296037901,0.11277515889201616,2026-05-11 00:00:00+00:00,11.3,low,1.0
2026-06-02 00:00:00+00:00,,,746.1599731445312,0.0749,0.0904,2026-05-15 00:00:00+00:00,9.0,low,1.0
